repeated_times,Accuracy,Precision,Recall,F1,AUC
10,0.9625,0.95,0.6111111111111112,0.7327149321266969,0.9396491228070175
10,0.9586538461538462,0.8535714285714284,0.6444444444444445,0.7296218487394959,0.9432748538011696
10,0.9615384615384615,0.8761904761904763,0.6666666666666667,0.7533333333333333,0.9450292397660819
10,0.9442307692307692,0.6907142857142856,0.6666666666666667,0.6762383900928792,0.9439766081871346
3,0.9455128205128206,0.8314875730994151,0.8192982456140351,0.8249799635110772,0.931384015594542
3,0.9487179487179486,0.8521750214123816,0.8210526315789474,0.8339021532446704,0.9360623781676414
3,0.9647435897435898,0.9369696332141103,0.8298245614035086,0.8737982153137592,0.9333333333333332
10,0.9701923076923078,0.9857142857142858,0.6666666666666667,0.795,0.9390643274853799
